Id,Type,NivelPicante,es-es,en-us,<END> (leave this in the first row of the last column)
UIGeneralConfMenu,UI,0,Configuración,Configuration,
UIConfLang,UI,0,Idioma,Language,
UIConfTypeSentences,UI,0,Temas,Topics,
UIConfNivelPicante,UI,0,Nivel,Level,
UIConfNivelPicanteDesc,UI,0,Aquí puedes cambiar el nivel de picante de las frases,Here you can change the spicy level of the sentences,
UIConfCustomSentences,UI,0,Añade frases,Add sentences,
UIConfPlayers,UI,0,Jugadores,Players,
UIConfMiscelanea,UI,0,Otro,Other,
AllowRandomSentences,UI,0,Pruebas aleatorias,Random challenges,
AllowCustomSentences,UI,0,Frases personalizadas,Custom sentences,
UIRateAppPopupText,UI,0,¿Nos valoras?,Would you like to rate us?,
UIRateAppPopupCancelText,UI,0,Nahhh,Hmmm,
UIButtonPlay,UI,0,Jugar,Play,
UIButtonDone,UI,0,Hecho,Done,
UIButtonAccept,UI,0,Aceptar,Accept,
UIButtonCancel,UI,0,Cancelar,Cancel,
Add,UI,0,AÑADIR,ADD,
YN_N,UI,0,Yo nunca,I've never ever,
YN_A,Img,0,YN_A_es-es,YN_A_en-us,
YN_D,UI,0,Lee las frases empezando por 'Yo Nunca'. Los jugadores que hayan hecho lo que diga la frase beben 1 trago,Start reading the phrases by saying 'Never have I ever...' Every player that has done what the phrase says must drink once.,
VOA_N,UI,0,Verdad o atrevimiento,Truth or Dare,
VOA_A,Img,0,VOA_A_es-es,VOA_A_en-us,
VOA_D,UI,0,"Elige entre responder una pregunta o hacer una acción. Decide bien tu respuesta, no podrás cambiarla","Choose between answering a question or doing an action. Choose wisely, because you won't be able to change.",
DDB_N,UI,0,Duelo de  borrachos,Quick Drunk,
DDB_A,Img,0,DDB_A_es-es,DDB_A_en-us,
DDB_D,UI,0,Pon el dedo sobre la zona de color y suéltalo antes de que llegue a 0. Cuanto más cerca mejor. Pero no te pases!,Put your finger on the colored zone and release it before it reaches 0. The closer the better. But don't go over!,
PF_N,UI,0,Pre Fiesta,Pre Party,
PF_A,Img,0,PF_A_es-es,PF_A_en-us,
PF_D,UI,0,Empieza la fiesta con preguntas variadas sobre tus amigos. La mejor manera de empezar la noche!,Start the party with varied questions about your friends. The best way to start the night.,
BPA_A,Img,0,BPA_A_es-es,BPA_A_en-us,
Adolescente,UI,0,Adolescente,Teen,
Sexualidad,UI,0,Sexualidad,Sexuality,
Vergüenza,UI,0,Vergüenza,Shame,
Instituto,UI,0,Instituto,Institute,
Alcohol,UI,0,Alcohol,Alcohol,
Trabajo,UI,0,Trabajo,Work,
Asquerosidad,UI,0,Asquerosidad,Gross,
TypePlayerNameHere,UI,0,Escribe el nombre del jugador aquí,Write here the name of the player,
RepeatedPlayerText,UI,0,El jugador está repetido,The player is repeated,
NotEnoughPlayers,UI,0,El número mínimo de jugadores es,The minimum number of players is,
TooMuchPlayers,UI,0,El número màximo de jugadores es,The maxumum number of players is,
NotEnoughTypesOfSentences,UI,0,Al menos un tipo de frases tiene que estar seleccionado,NotEnoughTypesOfSentences,
TypeSentenceHere,UI,0,Escribe la frase aquí,Write the sentence here,
ByUser,UI,0,Añadida por un usuario,Added by a user,
Playing,UI,0,Jugando:,Playing:,
NextPlayer,UI,0,Siguiente jugador:,Next player:,
YN_TITLE,Img,0,YN_TITLE_es-es,YN_TITLE_en-us,
VOA_Elige,UI,0,elige: ,chooses:,
VOA_VerdadButton,Img,0,VOA_VerdadButton_es-es,VOA_VerdadButton_en-us,
VOA_AtrevimientoButton,Img,0,VOA_AtrevimientoButton_es-es,VOA_AtrevimientoButton_en-us,
DDB1,UI,0,Te salvas,You're saved,
DDB2,UI,0,Bebes 2 tragos,Drink twice,
DDB3,UI,0,Bebes 3 tragos,Drink 3 times,
DDB4,UI,0,Bebes 4 tragos,Drink 4 times,
DDB5,UI,0,Bebes 5 tragos,Drink 5 times,
YN_S1,Adolescente,1,me he liado con dos personas el mismo dia,made out with two people on the same day,
YN_S2,Adolescente,1,he experimentado con mi orientación sexual,experimented with my sexual orientation,
YN_S3,Adolescente,1,he querido agrandarme el pene/pechos,wanted to enlarge my penis/breasts,
YN_S4,Adolescente,1,he pensado que alguien besa fatal,thought that someone kisses horribly,
YN_S5,Adolescente,1,me han metido la lengua hasta la garganta,had a tongue stuck up to my throat,
YN_S6,Adolescente,1,he tonteado con alguien del mismo sexo,flirted wth someone of the same sex,
YN_S7,Adolescente,1,me he liado con alguien almenos 3 años menor,made out with someone at least 3 years younger,
YN_S8,Adolescente,1,me he liado con alguien almenos 3 años mayor,made out with someone at least 3 years older,
YN_S9,Adolescente,1,me he liado con alguien que tuviera pareja,made out with someone on a relationship,
YN_S10,Adolescente,1,me he liado con alguien cuando yo tenia pareja,made out with someone when I was in a relationship,
YN_S11,Adolescente,1,he enseñado las tetas en un concierto,showed my breasts at a concert,
YN_S12,Adolescente,1,me he liado con más de 10 personas en mi vida,made out with more than 10 people in my life,
YN_S13,Adolescente,1,he intentado ligar en otro idioma,tried to hit on someone in another language,
YN_S14,Adolescente,1,he bailado desnudo,danced naked,
YN_S15,Adolescente,1,he querido ser del sexo opuesto,wanted to be of the opposite sex,
YN_S16,Adolescente,1,he tenido relaciones con el hermano/a de un amigo/a,had sex with a friend's brother/sister,
YN_S17,Adolescente,1,he pensado que la persona de al lado es muy sexy,thought that the person next to me is very sexy,
YN_S18,Adolescente,1,he visto porno con mis amigos,watched porn with my friends,
YN_S19,Adolescente,1,he jugado más de 500 horas a un mismo juego,played more than 500 hours to a single game,
YN_S20,Adolescente,1,le he mirado el culo a alguno de los presentes,looked at the butt of anyone present,
YN_S21,Adolescente,1,he pensado que alguno de los presentes no llegará a nada en la vida,thought that any of the people present wouldn't achieve anything in life,
YN_S22,Adolescente,1,he tenido una relación abierta,had an open relationship,
YN_S23,Adolescente,1,he dudado de la orientacion sexual de alguno de los presentes,doubted one of the players' sexual orientation,
YN_S24,Adolescente,1,me he liado con quien está leyendo esta pregunta,made out with the person reading this question,
YN_S25,Adolescente,1,he tenido una relación de más de dos años,had a relationship for more than two years,
YN_S26,Adolescente,1,he hecho una cobra,avoided a kiss,
YN_S27,Adolescente,1,me han hecho una cobra,been avoided a kiss,
YN_S28,Adolescente,1,he besado a alguien que acababa de conocer,kissed someone I'd just met,
YN_S29,Adolescente,1,he pensado que mis tetas son perfectas,thought my breasts are perfect,
YN_S30,Adolescente,1,he tonteado con alguien para conseguir algo,flirted with someone to get something,
YN_S31,Adolescente,1,he utilizado una aplicación para ligar,used an app to hit on someone,
YN_S32,Adolescente,1,he borrado el historial del navegador para esconder algo,deleted my browsing history to hide something,
YN_S33,Adolescente,1,me he hecho una prueba de embarazo,done a pregnancy test,
YN_S34,Adolescente,1,he hecho/me han hecho un chupetón,done/received a hickey,
YN_S35,Adolescente,1,he puesto cachondo a alguien y le he dejado con las ganas,turned someone on and let him/her wanting,
YN_S36,Adolescente,1,he hecho topless en la playa,been topless at the beach,
YN_S37,Adolescente,1,he metido mano a mi pareja en el transporte público,groped my partner on public transport,
YN_S38,Adolescente,1,me he empalmado en la playa,gotten a hard-on at the beach,
YN_S39,Adolescente,1,me he empalmado en clase,gotten a hard-on in class,
YN_S40,Adolescente,1,le he conseguido un lio a un amigo/a,gotten a friend hooked up,
YN_S41,Adolescente,1,me he liado con alguien para poner celosa a otra persona,made out with someone to make someone else jealous,
YN_S42,Adolescente,1,he escondio mi última conexión de whatsapp,hidden my last WhatsApp connection,
YN_S43,Adolescente,1,he cambiado el nombre de un contacto para esconder quien era,changed a contact name to hide who it was,
YN_S44,Adolescente,1,me han dicho que la tengo pequeña,been told that my penis is small,
YN_S45,Adolescente,1,he tenido sueños eróticos con alguno de los presentes,had erotic dreams with anyone present,
YN_S46,Adolescente,1,he enviado un mensaje caliente a una persona equivocada,sent a hot text to the wrong person,
YN_S47,Adolescente,1,me he hexibido por webcam,exposed myself via webcam,
YN_S48,Adolescente,1,he besado a dos o más de los presentes,kissed two or more of the people present,
YN_S49,Adolescente,1,he perreado en una discoteca,danced reggaeton at a club,
YN_S50,Adolescente,1,me he excitado pensando en alguno de los presentes,gotten excited thinking about someone present,
YN_S51,Adolescente,1,me he liado con alguien que no me atraía físicamente,made out with someone that I wasn't physically attracted to,
YN_S52,Adolescente,1,me he dejado las llaves en casa,left my keys at home,
YN_S53,Adolescente,1,me he olvidado de que tenía un examen,forgotten I had a test,
YN_S54,Adolescente,1,me he olvidado de que había quedado con alguien,forgotten I was supposed to meet with someone,
YN_S55,Adolescente,1,he conducido borracho,driven while drunk,
YN_S56,Adolescente,1,he pensado en matar a alguien,thought about killing someone,
YN_S57,Adolescente,1,he huido de la policia,ran from the police,
YN_S58,Adolescente,1,he robado,stolen,
YN_S59,Adolescente,1,me he liado con 2 o más personas aquí presentes,made out with 2 or more of the people present,
YN_S60,Adolescente,1,me he liado delante de alguien que sabía que le gustaba,made out in front of someone I knew liked me,
YN_S61,Adolescente,1,%me he liado con dos o más personas con el mismo nombre,%made out with 2 or more people with the same name,
YN_S62,Adolescente,1,%he tenido que esconderme un chupetón,%had to hide a hickey,
YN_S63,Adolescente,1,%me he liado con dos personas a la vez,%made out with two people at the same time,
YN_S64,Adolescente,1,%me he liado con la misma persona que un amigo/a,%made out with the same person as my friend,
YN_S65,Adolescente,1,he stalkeado a alguien aquí presente,stalked someone present,
YN_S66,Adolescente,1,me he liado con el ex novio/a de un amigo/a,made out with a friend's ex-boy/girlfriend,
YN_S67,Adolescente,1,le he dicho a alguien 'te quiero' sin sentirlo,"said ""I love you"" to someone without feeling it",
YN_S68,Adolescente,1,me han puesto los cuernos,been cheated on,
YN_S69,Adolescente,1,he tenido resaca,had a hangover,
YN_S70,Adolescente,1,me he liado con la pareja de alguno de los presentes,made out with the partner of someone present,
YN_S71,Adolescente,1,me he liado con la expareja de alguno de los presentes,made out with the ex-partner of someone present,
YN_S72,Adolescente,1,me he quedado con las ganas de besar a alguno de los presentes,been left wanting to kiss someone present,
YN_S73,Sexualidad,1,me he masturbado en grupo,masturbated in a group,
YN_S74,Sexualidad,1,me he masturbado con porno,masturbated with porn,
YN_S75,Sexualidad,1,me he masturbado con un consolador,masturbated with a dildo,
YN_S76,Sexualidad,1,me he masturbado con una fruta,masturbated with a fruit,
YN_S77,Sexualidad,1,me he masturbado pensando con alguno de los presentes,masturbated thinking about someone present,
YN_S78,Sexualidad,1,me he masturbado en casa de un amigo/a,masturbated in a friend's house,
YN_S79,Sexualidad,1,me he masturbado más de 3 veces en un solo día,masturbated more than 3 times in a single day,
YN_S80,Sexualidad,1,me he masturbado para poder dormir,masturbated to be able to sleep,
YN_S81,Sexualidad,1,me he masturbado pensando en mi ex,masturbated thinking about an ex,
YN_S82,Sexualidad,1,me he masturbado en el instituto,masturbated in high school,
YN_S83,Sexualidad,1,me he masturbado en un sitio público,masturbated in a public place,
YN_S84,Sexualidad,1,me he masturbado porque me aburría,masturbated because I was bored,
YN_S85,Sexualidad,1,me he masturbado en la ducha,masturbated in the shower,
YN_S86,Sexualidad,1,me he masturbado en las últimas 24h,masturbated in the last 24 hrs,
YN_S87,Sexualidad,1,me he masturbado con el mobil como vibrador,masturbated with my phone as a vibrator,
YN_S88,Sexualidad,1,me he masturbado con la foto de un amigo/a,masturbated with the picture of a friend,
YN_S89,Sexualidad,1,me he masturbado en casa de mis suegros,masturbated in my in-laws' house,
YN_S90,Sexualidad,1,me he masturbado con alguien en la habitación sin que se enterase,masturbated with someone in the room without him/her knowing,
YN_S91,Sexualidad,1,me he masturbado en el instituto o universidad,masturbated in high school or university,
YN_S92,Sexualidad,1,me he masturbado en el aire libre,masturbated outdoors,
YN_S93,Sexualidad,1,me han pillado masturbándome,been caught masturbating,
YN_S94,Sexualidad,1,he practicado sexo en la cocina,had sex in the kitchen,
YN_S95,Sexualidad,1,he practicado sexo en un sitio público,had sex in a public place,
YN_S96,Sexualidad,1,he practicado sexo en casa de un amigo o conocido,had sex in a friend's or acquaintance's house,
YN_S97,Sexualidad,1,he practicado sexo en el coche,had sex in a car,
YN_S98,Sexualidad,1,he practicado sexo en el instituto o universidad,had sex in high school or university,
YN_S99,Sexualidad,1,he practicado sexo en un hotel,had sex in a hotel,
YN_S100,Sexualidad,1,he practicado sexo en la terraza,had sex in my terrace or lawn,
YN_S101,Sexualidad,1,he practicado sexo en el baño,had sex in the bathroom,
YN_S102,Sexualidad,1,he practicado sexo en el baño de una discoteca,had sex in a club's bathroom,
YN_S103,Sexualidad,1,he practicado sexo en la calle,had sex in the street,
YN_S104,Sexualidad,1,he practicado sexo en la piscina/mar,had sex in the pool/sea,
YN_S105,Sexualidad,1,he practicado sexo en el bosque,had sex in the woods,
YN_S106,Sexualidad,1,he practicado sexo en un ascensor,had sex in an elevator,
YN_S107,Sexualidad,1,he practicado sexo en un lavabo portátil,had sex in a portable toilet,
YN_S108,Sexualidad,1,he practicado sexo en un barco,had sex on a boat,
YN_S109,Sexualidad,1,he practicado sexo encima de un electrodoméstico,had sex on top of a house appliance,
YN_S110,Sexualidad,1,he practicado sexo de acampada,had sex while camping,
YN_S111,Sexualidad,1,he hecho un trío con dos personas del sexo opuesto,had a threesome with two people of the opposite sex,
YN_S112,Sexualidad,1,he hecho un trío,had a threesome,
YN_S113,Sexualidad,1,he hecho un intercambio de parejas,done a partner swap (swinging),
YN_S114,Sexualidad,1,he practicado sexo con alguien 4 años mayor que yo,had sex with someone 4 years older,
YN_S115,Sexualidad,1,he practicado sexo con alguien 4 años menor que yo,had sex with someone 4 years younger,
YN_S116,Sexualidad,1,he practicado sexo con un profesor,had sex with a teacher,
YN_S117,Sexualidad,1,he practicado sexo con el novio/a de mi amigo/a,had sex with a friend's partner,
YN_S118,Sexualidad,1,he practicado sexo con dos personas distintas en 24h,had sex with two different people on the same day,
YN_S119,Sexualidad,1,he practicado sexo con 3 o más personas,had sex with 3 or more people,
YN_S120,Sexualidad,1,he practicado sexo con alguien del mismo sexo,had sex with someone of the same sex,
YN_S121,Sexualidad,1,he practicado sexo con alguien solo para dar celos a otra persona,had sex with someone only to make someone else jealous,
YN_S122,Sexualidad,1,he practicado sexo con alguien menor de edad siendo yo mayor de edad,had sex with someone underage while I wasn't,
YN_S123,Sexualidad,1,he practicado sexo con alguien cuyo nombre no sabia,had sex with someone whose name I didn't know,
YN_S124,Sexualidad,1,he practicado sexo con alguien virgen,had sex with a virgin,
YN_S125,Sexualidad,1,he practicado sexo oral,done oral sex,
YN_S126,Sexualidad,1,he practicado sexo anal,done anal sex,
YN_S127,Sexualidad,1,he practicado sexo sin condón,had sex without a condom,
YN_S128,Sexualidad,1,he practicado sexo durante el periodo,had sex while on the period,
YN_S129,Sexualidad,1,he sido atado teniendo sexo,been tied up during sex,
YN_S130,Sexualidad,1,he atado a mi pareja teniendo sexo,tied my partner up during sex,
YN_S131,Sexualidad,1,me he escaqueado para tener sexo,sneaked away to have sex,
YN_S132,Sexualidad,1,tendría sexo con alguien aquí presente,#P##P##P##P##P##P#,
YN_S133,Sexualidad,1,he practicado sexo mientras miraba una peli porno,had sex while watching a porno,
YN_S134,Sexualidad,1,he visto porno con otra persona,watched porn with someone else,
YN_S135,Sexualidad,1,he enviado fotos desnudo/a,sent naked pictures,
YN_S136,Sexualidad,1,he durado más de 1 hora en la cama,lasted more than an hour in bed,
YN_S137,Sexualidad,1,he entrado en un club de striptease,entered a strip club,
YN_S138,Sexualidad,1,he hecho un striptease,given a striptease,
YN_S139,Sexualidad,1,he pillado a mi hermano/a teniendo sexo,caught my brother/sister having sex,
YN_S140,Sexualidad,1,he pillado a mis padres teniendo sexo,caught my parents having sex,
YN_S141,Sexualidad,1,he pillado a alguien teniendo sexo,caught someone having sex,
YN_S142,Sexualidad,1,he roto un condón,broken a condom,
YN_S143,Sexualidad,1,he hecho un 69,done the 69,
YN_S144,Sexualidad,1,he tenido un folla amigo/a,"had a ""friend with benefits""",
YN_S145,Sexualidad,1,he probado el semen,tasted semen,
YN_S146,Sexualidad,1,he hecho una mamada,given head,
YN_S147,Sexualidad,1,he agarrado por el pelo a mi pareja durante el sexo,grabbed my partner by the hair during sex,
YN_S148,Sexualidad,1,he fardado de haber practicado sexo con alguien,bragged about having sex with someone,
YN_S149,Sexualidad,1,he dudado de mi sexualidad,doubted my sexuality,
YN_S150,Sexualidad,1,he tomado la pastilla del dia de después,taken the pill of the day after,
YN_S151,Sexualidad,1,he besado a alguien del mismo sexo,kissed someone of the same sex,
YN_S152,Sexualidad,1,he practicado sexo enfrente de un espejo,had sex in front of a mirror,
YN_S153,Sexualidad,1,he practicado sexo en la primera cita,had sex on the first date,
YN_S154,Sexualidad,1,he perdido la virginidad en un sitio distinto a una cama,lost my virginity in a place other than a bed,
YN_S155,Sexualidad,1,he llamado a alguien por otro nombre durante el sexo,called someone by the wrong name during sex,
YN_S156,Sexualidad,1,he hecho una mamada mientras mi pareja conducía,given head while my partner was driving,
YN_S157,Sexualidad,1,me han hecho una mamada mientras conducía,been given head while driving,
YN_S158,Sexualidad,1,he dado un beso negro,"given a ""black kiss"" (rimjob)",
YN_S159,Sexualidad,1,me han dado un beso negro,"been given a ""black kiss"" (rimjob)",
YN_S160,Sexualidad,1,he mentido sobre ser virgen,lied about being a virgin,
YN_S161,Sexualidad,1,he mentido sobre el tamaño de mi pene,lied about the size of my penis,
YN_S162,Sexualidad,1,he mentido sobre alguna experiencia sexual,lied about a sexual experience,
YN_S163,Sexualidad,1,he tenido semen en la cara,had semen on my face,
YN_S164,Sexualidad,1,he dado un masaje con final feliz,given a massage with a happy ending,
YN_S165,Sexualidad,1,he despertado a alguien durante el sexo,woken someone up during sex,
YN_S166,Sexualidad,1,me he dormido durante el sexo,fallen asleep during sex,
YN_S167,Sexualidad,1,he pagado por sexo,paid for sex,
YN_S168,Sexualidad,1,me han pagado por sexo,been paid for sex,
YN_S169,Sexualidad,1,he fingido un orgasmo,faked an orgasm,
YN_S170,Sexualidad,1,he practicado sexo borracho/a,had sex while drunk,
YN_S171,Sexualidad,1,he mentido sobre mi edad,lied about my age,
YN_S172,Sexualidad,1,he probado alguna postura que he visto en el kamasutra,tried out a posture I saw in the kamasutra,
YN_S173,Sexualidad,1,he practicado sexo con una persona aquí presente,had sex with someone present,
YN_S174,Sexualidad,1,he practicado sexo con más de una persona aquí presentes,had sex with more than one person present,
YN_S175,Sexualidad,1,haría un trío con dos personas aquí presentes,would do a threesome with two people present,
YN_S176,Sexualidad,1,he mirado Hentai,watched Hentai,
YN_S177,Sexualidad,1,me he imaginado a alguien aquí presente follando,pictured someone present having sex,
YN_S178,Sexualidad,1,he mirado porno zoofilico,watched zoophilical porn,
YN_S179,Sexualidad,1,he participado en un orgía,participated in an orgy,
YN_S180,Sexualidad,1,he practicado sexo telefónico,had phone sex,
YN_S181,Sexualidad,1,he practicado sexo con un/a madurito/a,had sex with someone more mature,
YN_S182,Sexualidad,1,he escuchado alguno de los presentes follando,listened to someone present having sex,
YN_S183,Sexualidad,1,he sido gravado mientras tenia relaciones sexuales,been recorded while having sex,
YN_S184,Sexualidad,1,he practicado sexo durante almenos 3 horas seguidas,had sex for at least 3 hours,
YN_S185,Sexualidad,1,tendria sexo con la pareja de un amigo/a,#P##P##P##P##P##P#,
YN_S186,Sexualidad,1,he tenido un gatillazo,"had a droopy erection or ""limp dick""",
YN_S187,Sexualidad,1,he pensado que soy muy bueno practicando sexo oral,thought I was very good at doing oral sex,
YN_S188,Sexualidad,1,he pensado que alguien de los presentes es ninfómano/a,considered that someone present is a nymphomaniac,
YN_S189,Sexualidad,1,he ido a un hotel para tener relaciones sexuales,gone to a hotel to have sex,
YN_S190,Sexualidad,1,he gemido demasiado fuerte,moaned too loud,
YN_S191,Sexualidad,1,he intentado hacer posturas extrañas del kamasutra,done strange postures from the kamasutra,
YN_S192,Sexualidad,1,he practicado sexo con mas de 5 personas en mi vida,had sex with more than 5 people in my life,
YN_S193,Sexualidad,1,he pensado que soy asexual,thought I was asexual,
YN_S194,Sexualidad,1,he hecho marcha atrás,pulled out,
YN_S195,Sexualidad,1,he parado de follar para ir a cagar,stopped having sex to take a shit,
YN_S196,Sexualidad,1,me acostaría con alguien mayor de 40 años por 20.000€,#P##P##P##P##P##P#,
YN_S197,Sexualidad,1,me han dado un cachete mientras tenía relaciones sexuales,been slapped in the ass while having sex,
YN_S198,Sexualidad,1,he viajado más de una hora para tener relaciones sexuales,travelled for more than an hour to have sex,
YN_S199,Sexualidad,1,he llamado a alguien por un mote durante el sexo,called someone by a nickname during sex,
YN_S200,Sexualidad,1,he visto a alguien teniendo sexo en un coche,seen someone having sex in a car,
YN_S201,Sexualidad,1,me he equivocado de agujero,got in the wrong hole,
YN_S202,Sexualidad,1,%he practicado sexo oral a alguien que acababa de tener relaciones sexuales,%done oral sex to someone who had just had sex,
YN_S203,Sexualidad,1,%he recibido sexo oral sin estar depilado/a,%received oral sex without being shaved,
YN_S204,Sexualidad,1,%he practicado sexo oral a alguien que no estaba depilado/a,%done oral sex to someone who wasn't shaved,
YN_S205,Sexualidad,1,%he tenido relaciones sexuales con un amigo/a,%had sex with a friend,
YN_S206,Sexualidad,1,%me he liado con más de una persona del mismo grupo de amigos,%made out with more than one person from the same group of friends,
YN_S207,Sexualidad,1,%he acabo follando y no me lo esperaba,%ended up having sex without expecting it,
YN_S208,Sexualidad,1,he utilizado algún juguete sexual,used a sex toy,
YN_S209,Sexualidad,1,he follado sin ganas,had sex without wanting it,
YN_S210,Sexualidad,1,he pensado que alguno de los presentes necesita un polvo urgentemente,thought someone present needs to have sex urgently,
YN_S211,Sexualidad,1,he rechazado un trío,refused a threesome,
YN_S212,Sexualidad,1,he pegado a alguien,punched/hit someone,
YN_S213,Sexualidad,1,me he arrastrado por alguien,grovelled for someone,
YN_S214,Sexualidad,1,he tenido conversaciones eróticas por teléfono,had erotic phone conversations,
YN_S215,Sexualidad,1,he bebido en el colegio o instituto,drunk at school or college,
YN_S216,Sexualidad,1,me he liado con alguien de mi mismo sexo,Made out with someone of my same sex,
YN_S217,Sexualidad,1,me he inventado que me habia liado con alguien,lied about making out with someone,
YN_S218,Sexualidad,1,me he liado con un amigo/a por diversión,made out with a friend for fun,
YN_S219,Sexualidad,1,me he duchado con alguien,taken a shower with someone,
YN_S220,Sexualidad,1,me he liado después de potar,made out with someone after throwing up,
YN_S221,Sexualidad,1,me he masturbado con alguien al lado,masturbated next to someone,
YN_S222,Sexualidad,1,he tenido celos de alguien aquí presente,been jealous of anyone here,
YN_S223,Sexualidad,1,he tenido dos citas o más en un día,had two or more dates in a day,
YN_S224,Sexualidad,1,se me ha caido el móvil por el retrete,dropped my phone into the toilet,
YN_S225,Sexualidad,1,me han masturbado o he masturbado a alguien con los piés,jerked someone off or have been jerked off by someone's feet,
YN_S226,Sexualidad,1,he follado con gente en casa,had sex while there were people at home,
YN_S227,Sexualidad,1,he perdido la virginidad en casa de un amigo/a,lost my virgnity at a friend's house,
YN_S228,Sexualidad,1,he tenido relaciones sexuales con un padre o una madre,had sex with a father or a mother,
YN_S229,Sexualidad,1,he tenido relaciones sexuales con el ex de un amigo/a,had sex with a friend's ex,
YN_S230,Sexualidad,1,me he escapado de casa mientras mis padres dormian,snuck out of my House while my parents were asleep,
YN_S231,Sexualidad,1,he utilizado la misma ropa interior durante dos o más días,wore the same underwear for more than two days,
YN_S232,Sexualidad,1,he tenido una cita a ciegas,been to a blind date,
YN_S233,Sexualidad,1,me he masturbado en el coche,masturbated in a car,
YN_S234,Sexualidad,1,he pillado a mis padres follando,caught my parents having sex,
YN_S235,Sexualidad,1,me he liado con el hermano/a de un amigo/a,made out with a friend's brother or sister,
YN_S236,Sexualidad,1,me he masturbado 4 o más veces en 24 horas,masturbated 4 or more times in 24 hours,
YN_S237,Sexualidad,1,he hecho o me han hecho una cubana,given or have been given a boobjob,
YN_S238,Sexualidad,1,me he tragado el semen de otra persona,swallowed someone else's cum,
YN_S239,Sexualidad,1,he pensado que el tamaño importa,thought that size matters,
YN_S240,Sexualidad,1,me he masturbado con el chorro de la dutxa,masturbated with the shower's head,
YN_S241,Sexualidad,1,besaría al jugador/a de mi derecha,#P##P##P##P##P##P#,
YN_S242,Sexualidad,1,besaría al jugador/a de mi izquierda,#P##P##P##P##P##P#,
YN_S243,Sexualidad,1,besaría a alguien aquí presente,#P##P##P##P##P##P#,
YN_S244,Vergüenza,1,me he avergonzado de haber tenido relaciones sexuales con alguien,been ashamed of having sex with someone,
YN_S245,Vergüenza,1,he apagado la luz del pasillo y he ido corriendo a mi habitación,switched off the hallway light and ran to my room,
YN_S246,Vergüenza,1,me he meado encima en los últimos 5 años,pissed myself in the last 5 years,
YN_S247,Vergüenza,1,me he reido en un funeral,laughed at a funeral,
YN_S248,Vergüenza,1,me he caído al suelo por la calle,fallen on the street,
YN_S249,Vergüenza,1,le he escupido a alguien sin querer,spat on someone unintentionally,
YN_S250,Vergüenza,1,se me ha quitado el bañador por accidente,had my swimsuit come off by accident,
YN_S251,Vergüenza,1,me he tirado un pedo delante de todo el mundo,farted in front of everybody,
YN_S252,Vergüenza,1,me he hecho fotos chonis/canis en el lavabo,taken duck face pictures in the bathroom,
YN_S253,Vergüenza,1,he tropezado en público,tripped in public,
YN_S254,Vergüenza,1,me he cortado depilándome las partes íntimas,cut myself shaving my private parts,
YN_S255,Vergüenza,1,he roto unos pantalones por la entrepierna,broken my pants on the inner thigh,
YN_S256,Vergüenza,1,he llevado una faja,worn a sash,
YN_S257,Vergüenza,1,he sido rechazado por 2 o más personas en una noche,been turned down by 2 or more people in one night,
YN_S258,Vergüenza,1,he sido expulsado de una discoteca por ir demasiado borracho,been kicked out of a club for being too drunk,
YN_S259,Vergüenza,1,he sido multado por mear en la calle,been fined for peeing in the street,
YN_S260,Vergüenza,1,no me he quitado los zapatos porque me olían los pies,not taken out my shoes off because my feet were smelly,
YN_S261,Vergüenza,1,he mentido jugando al yo nunca,"lied while playing ""never have I ever""",
YN_S262,Vergüenza,1,he mentido sobre mi para poder ligar,lied about myself to flirt,
YN_S263,Vergüenza,1,he llamado a alguien por whatsapp sin querer,called someone on WhatsApp unintentionally,
YN_S264,Vergüenza,1,he hecho un sinpa,"done a ""runner"" (not paying at a restaurant)",
YN_S265,Vergüenza,1,me he colado en un sitio prohibido,snuck into a forbidden place,
YN_S266,Vergüenza,1,%he pensado que le caigo mal a alguien aquí presente,%thought someone present doesn't like me,
YN_S267,Vergüenza,1,%he entrado en el baño del sexo opuesto,%entered a bathroom of the opposite sex,
YN_S268,Vergüenza,1,%he sido denunciado por mis vecinos,%been denounced by my neighbours,
YN_S269,Vergüenza,1,he bailado desnudo delante de un espejo,danced naked in front of a mirror,
YN_S270,Vergüenza,1,%me he imaginado el tamaño del pene de un amigo,%imagined the size of a friend's dick,
YN_S271,Vergüenza,1,%le he mirado las tetas a una amiga,%looked at a friend's boobs,
YN_S272,Vergüenza,1,he falsificado una firma,falsified a signature,
YN_S273,Vergüenza,1,he visto tutoriales de carácter sexual,seen tutorials of the sexual kind,
YN_S274,Instituto,1,he copiado en un examen,cheated on a test,
YN_S275,Instituto,1,he sido pillado copiando en un examen,been caught cheating on a test,
YN_S276,Instituto,1,me he sentido atraído por un profesor o profesora,felt attracted to a teacher,
YN_S277,Instituto,1,he terminado una goma de borrar,finished my eraser,
YN_S278,Instituto,1,he insultado a un profesor,called a teacher names,
YN_S279,Instituto,1,he tenido fantasias sexuales con algún profesor,had sexual fantasies with a teacher,
YN_S280,Instituto,1,me he dormido en clase,fallen asleep in class,
YN_S281,Instituto,1,he fingido estar enfermo para no ir al instituto,faked being sick to avoid going to school,
YN_S282,Instituto,1,he mentido sobre mi resultado en un examen,lied about my result in a test,
YN_S283,Instituto,1,le he hecho la pelota a un profesor para conseguir algo,sucked up to a teacher to get something,
YN_S284,Alcohol,1,he bebido más de 5 cubatas en una noche,drunk more than 5 drinks in one night,
YN_S285,Alcohol,1,he emborrachado a alguien para aprovecharme,got someone drunk to take advantage of him/her,
YN_S286,Alcohol,1,he vomitado por culpa del alcohol,puked because of alcohol,
YN_S287,Alcohol,1,he olvidado algo de la noche anterior por culpa del alcohol,forgotten something from the night before because of alcohol,
YN_S288,Alcohol,1,he bebido alcohol por presión social,drunk alcohol because of social pressure,
YN_S289,Alcohol,1,he hecho un concurso de chupitos,participated in a shots contest,
YN_S290,Alcohol,1,he fumado hierba,smoked pot,
YN_S291,Alcohol,1,he sido multado por ir borracho,been fined for being drunk,
YN_S292,Alcohol,1,me he caido yendo borracho,fallen while drunk,
YN_S293,Alcohol,1,he bebido de la copa de otro,drunk from someone else's cup,
YN_S294,Alcohol,1,he sufrido un coma etílico,suffered an alcoholic coma,
YN_S295,Alcohol,1,he sido el borracho del grupo,been the group's drunkard,
YN_S296,Alcohol,1,no he podido beber porque tenía que conducir,not drunk because I had to drive,
YN_S297,Alcohol,1,no he podido beber porque tenía que estudiar al día siguiente,not drunk because I had to study the day after,
YN_S298,Alcohol,1,me han pillado mis padres borracho,been caught drunk by my parents,
YN_S299,Alcohol,1,me han pillado mis padres fumando,been caught smoking by my parents,
YN_S300,Alcohol,1,he tenido que cuidar de un amigo borracho,had to take care of a drunken friend,
YN_S301,Alcohol,1,me han tenido que cuidar por estar borracho,had to be taken care of for being drunk,
YN_S302,Alcohol,1,me he despertado sin saber donde estaba,woken up without knowing where I was,
YN_S303,Alcohol,1,he sido el último en salir de una discoteca,been the last one to leave a club,
YN_S304,Alcohol,1,he ido borracho a clase,gone to school drunk,
YN_S305,Alcohol,1,he ido colocado a clase,gone to school high,
YN_S306,Alcohol,1,he fumado de escondidas en el instituto,smoked secretly in high school,
YN_S307,Alcohol,1,he probado alguna droga dura,tried a hard drug,
YN_S308,Alcohol,1,he fumado de escondidas en mi casa,smoked secretly at home,
YN_S309,Alcohol,1,le he escondido que fumaba a alguien,hidden from someone that I was smoking,
YN_S310,Alcohol,1,he tomado drogas para tener sexo,taken drugs to have sex,
YN_S311,Alcohol,1,me he emborachado más de tres días seguidos,gotten drunk more than three days in a row,
YN_S312,Alcohol,1,me he emborachado con mis padres,gotten drunk with my parents,
YN_S313,Alcohol,1,he probado las setas,tasted mushrooms,
YN_S314,Trabajo,1,he ido a trabajar borracho o con resaca,gone to work drunk or with a hangover,
YN_S315,Trabajo,1,he mentido para escaquearme del trabajo,lied to sneak away from work,
YN_S316,Trabajo,1,he hecho ver que trabajaba cuando se acercaba alguien,faked I was working when someone approached me,
YN_S317,Trabajo,1,he mentido en una entrevista de trabajo,lied in a job interview,
YN_S318,Trabajo,1,he pedido un aumento,asked for a raise,
YN_S319,Trabajo,1,he odiado a mi jefe,hated my boss,
YN_S320,Trabajo,1,he intentado ligar durante el trabajo,tried to flirt at my workplace,
YN_S321,Trabajo,1,he dimitido,quit,
YN_S322,Trabajo,1,me he masturbado en el trabajo,masturbated at my workplace,
YN_S323,Trabajo,1,he pensado en tirarme a mi jefe/a para conseguir un ascenso,considered banging my boss to get a promotion,
YN_S324,Asquerosidad,1,he vomitado mientras besaba a alguien,puked while kissing someone,
YN_S325,Asquerosidad,1,me he tirado un pedo en la piscina,farted in a pool,
YN_S326,Asquerosidad,1,me he tirado un pedo mientras tenia relaciones sexuales,farted while having sex,
YN_S327,Asquerosidad,1,he salido a la calle sin ropa interior,gone out of the house without underwear,
YN_S328,Asquerosidad,1,he evitado cagar durante dias cuando me iva de campamentos o viaje,avoided shitting for days while on a camp or trip,
YN_S329,Asquerosidad,1,he pensado que alguno de los presentes huele mal,thought that someone present smells bad,
YN_S330,Asquerosidad,1,me he tirado un pedo silencioso,farted silently,
YN_S331,Asquerosidad,1,me he liado después de vomitar,made out after puking,
YN_S332,Asquerosidad,1,he vomitado encima del alguien,puked on someone,
YN_S333,Asquerosidad,1,he eructado mientras estava besando a alguien,burped while kissing someone,
YN_S334,Asquerosidad,1,he estado una semana sin ducharme,stayed a week without showering,
YN_S335,Asquerosidad,1,me he cagado en la bañera,shat in the bath,
YN_S336,Asquerosidad,1,me he comido un moco en la última semana,eaten a bugger in the last week,
YN_S337,Asquerosidad,1,me he olfateado la axila en público,smelled my armpit in public,
YN_S338,Asquerosidad,1,me he rascado las partes en público,scratched my parts in public,
YN_S339,Asquerosidad,1,me he masturbado y no me lavado las manos después,masturbated and not washed my hands afterwards,
YN_S340,Asquerosidad,1,me he tirado un pedo mientras comía,farted while eating,
YN_S341,Asquerosidad,1,me he vomitado encima,puked on myself,
YN_S342,Asquerosidad,1,le he mordido el culo a alguien,bitten someone's butt,
YN_S343,Asquerosidad,1,le he chupado el pie a alguien,licked someone's foot,
YN_S344,Asquerosidad,1,he probado comida de perro,tasted dog food,
YN_S345,Asquerosidad,1,he olido mis calcetines después de quitármelos,smelled my socks after taking them off,
YN_S346,Asquerosidad,1,he olido mis bragas después de quitármelas,smelled my panties after taking them off,
YN_S347,Asquerosidad,1,me he tirado un pedo y le he dado la culpa a otro,farted and blamed someone else,
YN_S348,Asquerosidad,1,me he masturbado y me he limpiado con la camiseta,masturbated and cleaned up with my shirt,
YN_S349,Asquerosidad,1,he tenido corrida en el pelo,had jizz in my hair,
YN_S350,Asquerosidad,1,me he metido el dedo por el culo,put my finger up my asshole,
YN_S351,Asquerosidad,1,me he olido las manos después de rascarme las partes íntimas,smelled my hands after scratching my private parts,
YN_S352,Asquerosidad,1,he cagado en la playa,shat at the beach,
YN_S353,Asquerosidad,1,me he salpicado al cagar,splashed on myself while shitting,
YN_S354,Asquerosidad,1,me he rascado el culo y me he olido los dedos,scratched my butt and smelled my fingers,
YN_S355,Asquerosidad,1,me comería una rata por 1000€,#P##P##P##P##P##P#,
YN_S356,Asquerosidad,1,he pegado un moco debajo de la mesa,stuck a bugger under a table,
YN_S357,Asquerosidad,1,me he grabado mientras cagaba,filmed myself shitting,
YN_S358,Asquerosidad,1,he pensado en probar las heces,thought about tasting feces,
YN_S359,Asquerosidad,1,he dejado las heces de mi perro en la calle,left my dog's feces in the street,
YN_S360,Asquerosidad,1,he pensado en probar el semen,thought about tasting semen,
YN_S361,Asquerosidad,1,he pensado en como seria probar la regla,thought about tasting someone's period,
YN_S362,Asquerosidad,1,me he depilado las partes íntimas,shaved my private parts,
YN_S363,Asquerosidad,1,me he medido el pene,measured my penis,
YN_S364,Asquerosidad,1,%he probado hasta donde podía tragarme algo,%tried how deep I can swallow something,
YN_S365,Asquerosidad,1,he hecho un concurso de eructos,done a burping contest,
VOA_S_V1,Sexualidad,8,¿Cual es la postura más rara que has hecho durante el sexo?,What's the weirdest posture you've done during sex?,
VOA_S_V2,Sexualidad,8,¿Cuando tuviste relaciones sexuales por primera vez?,When did you have sex for the first time?,
VOA_S_V3,Sexualidad,8,¿Donde tuviste relaciones sexuales por primera vez?,Where did you have sex for the first time?,
VOA_S_V4,Sexualidad,8,¿Probarías a tener relaciones sexuales con alguien del mismo sexo?,Would you try having sex with someone of the same sex?,
VOA_S_V5,Sexualidad,8,¿Te han pillado alguna vez mirando porno?,Have you ever been caught watching porn?,
VOA_S_V6,Sexualidad,8,¿En qué sitio te pone más tener relaciones sexuales?,What place turns you on the most for sex?,
VOA_S_V7,Sexualidad,8,Explica tu fantasía sexual más salvaje,Explain your wildest sexual fantasy,
VOA_S_V8,Sexualidad,8,¿Has besado alguna vez a alguien del mismo sexo?,Have you ever kissed someone of the same sex?,
VOA_S_V9,Sexualidad,8,Señala al jugador/a más sexy,Point at the sexiest player,
VOA_S_V10,Sexualidad,8,¿Te gusta el/la novio/a de alguno de tus amigos?,Do you like the partner of any of your friends?,
VOA_S_V11,Sexualidad,8,¿Qué harías si fueras del sexo opuesto durante un día?,What would you do if you were of the opposite sex for a day?,
VOA_S_V12,Sexualidad,8,"Si tuvieras la oportunidad de tener una cita con un jugador, ¿quién sería?","If you had the chance of having a date with a player, who would it be?",
VOA_S_V13,Sexualidad,8,Señala al/la jugador/a que tenga la boca más sexy,Point at the player with the sexiest mouth,
VOA_S_V14,Sexualidad,8,Señala al/la jugador/a que creas que hace mejor sexo oral,Point at the player you think does the best oral sex,
VOA_S_V15,Sexualidad,8,Señala al/la jugador/a que creas que folla mejor,Point at the player you think does the best sex,
VOA_S_V16,Sexualidad,8,Señala al jugador que creas que la tiene más larga,Point at the player you think has the longest penis,
VOA_S_V17,Sexualidad,8,Señala al/la jugador/a que creas que besa mejor,Point at the player you think kisses the best,
VOA_S_V18,Sexualidad,8,¿Has besado a alguno de tus amigos más cercanos?,Have you ever kissed one of your closest friends?,
VOA_S_V19,Sexualidad,8,Señala al/la jugador/a con quien tendrías relaciones sexuales esta noche,Point at the player who you'd have sex with tonight,
VOA_S_V20,Sexualidad,8,¿Has tenido sexo en la calle?,Have you had sex on the street?,
VOA_S_V21,Sexualidad,8,¿Cuál es tu posición sexual favorita?,What's your favourite sex position?,
VOA_S_V22,Sexualidad,8,¿Has quedado con alguien que has conocido en Internet?,Have you ever met physically with someone you had met on-line?,
VOA_S_V23,Sexualidad,8,Explica tu experiencia sexual más salvaje,Explain your wildest sexual experience,
VOA_S_V24,Sexualidad,8,¿Cuándo fue la última vez que te masturbaste?,When was the last time you masturbated?,
VOA_S_V25,Sexualidad,8,Explica en qué piensas cuando te masturbas,Explain what you think about when you masturbate,
VOA_S_V26,Sexualidad,8,#P# ¿Tendrías relaciones sexuales con #P#?,# Would you have sex with #?,
VOA_S_V27,Sexualidad,8,"Si pudieras tener sexo con un/a famoso/a, ¿quién sería?","If you could have sex with a celebrity, who would it be?",
VOA_S_V28,Sexualidad,8,¿Dejarías a tu pareja si te ofrecieran un millón de euros?,Would you leave your partner if they gave you a million euros?,
VOA_S_V29,Sexualidad,8,#P# ¿Harías un trío con #P# i #P#?,# Would you do a threesome with # and #?,
VOA_S_V30,Sexualidad,8,#P# ¿Cuánto dinero pagarías por dormir con #P#?,How much money would you pay to sleep with #?,
VOA_S_V31,Sexualidad,8,"Señala al jugador que creas que tiene el pene más largo y al jugador con el pene más corto, pero no digas quién es quién","Point at the players you think have the longest and shortest penises, but don't say who is who",
VOA_S_V32,Sexualidad,8,¿Cuál sería el precio por pasar una noche contigo?,What would be the price of spending a night with you?,
VOA_S_V33,Sexualidad,8,¿Has tenido fantasías sexuales con alguno de los presentes?,Have you ever fantasized sexually about someone present?,
VOA_S_V34,Sexualidad,8,¿Te gusta tener relaciones sexuales en público?,Are you afraid of having sex in public?,
VOA_S_V35,Sexualidad,8,¿Te has medido el pene alguna vez?,Have you ever measured your penis?,
VOA_S_V36,Sexualidad,8,"Elige al jugador que creas que bebe menos, ese jugador bebe 5 tragos","Pick the player you think drinks the least, that player drinks 5 times",
VOA_S_V37,Sexualidad,8,¿Qué piensasa sobre los tríos?,What's your opinion on threesomes?,
VOA_S_V38,Sexualidad,8,¿Has tenido relaciones sexuales en la cama de tus padres?,Have you had sex in your parents' bed?,
VOA_S_V39,Sexualidad,8,¿Has tenido sexo más de dos veces los últimos 7 días? Si es así reparte 1 trago por cada vez. Sino bebe 5 tragos,"Have you had sex more than twice in the last 7 days? If you have, assign a drink for each time If not, drink 5 times",
VOA_S_V40,Sexualidad,8,#P# ¿Cuantos cubatas necesitas para acostarte con #P#?,# How many drinks do you need to sleep with #?,
VOA_S_V41,Sexualidad,8,"Qué prefieres, que te meen o que te vomiten encima.","What do you prefer, to get pissed or get puked on?",
VOA_S_V42,Sexualidad,8,¿Quién crees que es más probable que vomite esta noche?,Who do you think has the most chances of puking tonight?,
VOA_S_V43,Sexualidad,8,¿Quién crees que es más probable que folle esta noche?,Who do you think has the most chances of having sex tonight?,
VOA_S_V44,Sexualidad,8,¿Hay alguien aquí presente con el que tendrías relaciones sexuales?,Would you have sex with anyone present?,
VOA_S_V45,Sexualidad,8,¿Has tenido relaciones sexuales con alguno de los presentes?,Have you had sex with someone present?,
VOA_S_V46,Sexualidad,8,Señala al jugador que creas que tiene mejor cuerpo,Point at the player you think has the best body,
VOA_S_V47,Sexualidad,8,"#P# De 0 a 10, ¿Qué nota le pondrías a #P# en general?","#From 0 to 10, what score would you give # in general?",
VOA_S_V48,Sexualidad,8,"Di que jugador/a te follarías, con cual te casarías y a quien matarías","Say what 3 players you would fuck, marry or kill",
VOA_S_V49,Sexualidad,8,Di 3 cosas malas sobre la pareja de alguien aquí presente,Say 3 bad things about the partner of someone present,
VOA_S_V50,Sexualidad,8,"Qué preferirias, trabajar para el jugador de tu derecha o el de tu izquierda","Who would you rather work for, the player to your right? Or to your left?",
VOA_S_V51,Sexualidad,8,Di qué jugador te gustaría que se callase durante un rato,Say which player you'd like for he or she shut up for a while,
VOA_S_V52,Vergüenza,1,¿Has copiado alguna vez en un examen?,Have you ever cheated on a test?,
VOA_S_V53,Vergüenza,1,¿Te has meado en una piscina?,Have you pissed in a swimming pool?,
VOA_S_V54,Vergüenza,1,Di una cualidad que te haga único/a,Say a quality that makes you unique,
VOA_S_V55,Vergüenza,1,¿Con cuantas personas te has liado en toda tu vida?,With how many people have you made out with in your life?,
VOA_S_V56,Vergüenza,1,#P# ¿A qué animal crees que se parece más #P#?,#To what animal does # look the most?,
VOA_S_V57,Vergüenza,1,¿Con qué celebrity tendrias una cita?,With which celebrity would you go out on a date?,
VOA_S_V58,Vergüenza,1,#P# Enumera las 5 partes del cuerpo que te gustan más de #P#,#Enumerate the 5 body parts that you like the most about #,
VOA_S_V59,Vergüenza,1,Explica el momento más embarazoso de tu vida,Describe the most embarrassing moment in your life,
VOA_S_V60,Vergüenza,1,#P# Explica un momento embarazoso de #P#,#Describe an embarrassing moment of #,
VOA_S_V61,Vergüenza,1,¿Qué es lo primero que harías si fueses invisible?,What's the first thing you'd do if you were invisible?,
VOA_S_V62,Vergüenza,1,¿Qué es lo que la mayoría de tus amigos/as piensan de ti y es totalmente falso?,What do most of your friends think about you that is totally false?,
VOA_S_V63,Vergüenza,1,Explica tu miedo más oscuro,Describe your darkest fear,
VOA_S_V64,Vergüenza,1,Explica la cosa más embarazosa que tus padres te han pillado haciendo,Describe the most embarrassing thing your parents have caught you doing,
VOA_S_V65,Vergüenza,1,"Si quedaras aislado en una isla durante 3 días, ¿qué jugador/a te llevarías contigo?","If you were stranded in an island for 3 days, which player would you take with you?",
VOA_S_V66,Vergüenza,1,Explica lo primero que harías si ganaras la lotería,Describe the first thing you'd do if you'd win the lottery,
VOA_S_V67,Vergüenza,1,Explica la apuesta más estúpida que hayas hecho,Describe the stupidest bet you've ever made,
VOA_S_V68,Vergüenza,1,¿Qué es lo más desagradable que has hecho en un lugar público?,What's the most unpleasant thing you've done in a public place?,
VOA_S_V69,Vergüenza,1,Señala al/la jugador/a más inteligente,Point at the smartest player,
VOA_S_V70,Vergüenza,1,¿Has hecho algo de lo que te arrepientes estando borracho/a?,Have you ever done something you regret while drunk?,
VOA_S_V71,Vergüenza,1,¿Qué 3 cosas salvarías de tu casa si hubiese un incendio?,Which 3 things would you save from your house if it caught on fire?,
VOA_S_V72,Vergüenza,1,Explica la experiencia más embarazosa de tu vida,Describe the most embarrassing experience in your life,
VOA_S_V73,Vergüenza,1,¿Llevarías la cara de un amigo tatuada en el pecho durante un año por 50'000€?,"Would you tattoo of the face of a friend on your chest for an entire year for $50,000?",
VOA_S_A1,Sexualidad,8,El grupo elige qué prenda de ropa te tienes que quitar,The group chooses what piece of clothing you have to take off,
VOA_S_A2,Sexualidad,8,#P# Quita una prenda de ropa a #P# con la boca,#Take off a piece of clothing from # with your mouth,
VOA_S_A3,Sexualidad,8,El grupo decide con quien te besarás,Te group decides who you'll have to kiss,
VOA_S_A4,Sexualidad,8,#P# Toma un chupito del ombligo de #P#,#Drinks a shot from #'s belly button,
VOA_S_A5,Sexualidad,8,#P# Dale un beso en el cuello a #P#,#Kisses # on the neck,
VOA_S_A6,Sexualidad,8,Acábate la copa,Finish your drink,
VOA_S_A7,Sexualidad,8,#P# El grupo decide donde le darás un beso a #P#,#The group decides where you'll kiss #,
VOA_S_A8,Sexualidad,8,Dale un beso a todas las chicas del grupo en la mejilla,Kiss all the girls in the group on the cheek,
VOA_S_A9,Sexualidad,8,Dale un beso a todos los chicos del grupo en la mejilla,Kiss all the boys in the group on the cheek,
VOA_S_A10,Sexualidad,8,#P# Lame la mejilla de #P#,#Lick #'s cheek,
VOA_S_A11,Sexualidad,8,#P# Dale un beso en el culo a #P#,#Kiss # on the butt,
VOA_S_A12,Sexualidad,8,#P# Deja que #P# te baile encima durante 10 segundos,#Let # dance on top of you for 10 seconds,
VOA_S_A13,Sexualidad,8,Elije a dos personas para que se den un beso,Choose two people so they kiss,
VOA_S_A14,Sexualidad,8,Elije a dos personas para que se azoten el culo el uno al otro,Choose two people so they hit each other in the butt,
VOA_S_A15,Sexualidad,8,Bebe 1 trago por cada persona presente con la que tendrias relaciones sexuales,Drink once for every person present you'd have sex with,
VOA_S_A16,Sexualidad,8,#P# Deja que #P# te quite la camiseta con los piés,#Let # take off your shirt with his/her feet,
VOA_S_A17,Sexualidad,8,¡Te salvas! Además puedes poner una norma que durará 2 rondas,"You're saved! In addition, you can set a rule that will last for 2 rounds",
VOA_S_A18,Sexualidad,8,Bebe un trago y dale un mordisco en la oreja a la persona que más te atraiga,Drink once and bite the ear of the person that attracts you the most,
VOA_S_A19,Sexualidad,8,#P# ¡Es tu día de suerte! Date un beso con #P# y #P# a la vez,# It's your lucky day! Kiss # and # at the same time,
VOA_S_A20,Sexualidad,8,"¡Hoy es tu día! Si eres un chico todas las chicas te dan un pico, si eres una chica los chicos te dan un pico","Today is your day! If you're a boy, every girl kisses you. If you're a girl, all the boys kiss you",
VOA_S_A21,Sexualidad,8,#P# Muérdele la nalga izquierda a #P#,#Bite #'s left buttock,
VOA_S_A22,Vergüenza,1,Haz 15 flexiones,Do 15 push-ups,
VOA_S_A23,Vergüenza,1,Actúa imitando una escena de una película famosa. Los otros jugadores deben adivinar la película,Act imitating the scene of a famous movie. The other players must guess the movie,
VOA_S_A24,Vergüenza,1,No puedes mirar el móvil durante 1 hora,You can't look at your phone for an hour,
VOA_S_A25,Vergüenza,1,"Imita a alguien del grupo, el que lo adivine se libra de la siguiente prueba","Imitate someone in the group, whoever guesses it can skip his/her next turn",
VOA_S_A26,Vergüenza,1,#P# Deja que #P# te tire agua fría en la cara,#Let # throw cold water at your face,
VOA_S_A27,Vergüenza,1,#P# Deja que #P# te haga cosquillas durante 10 segundos,#Let # tickle you for 10 seconds,
VOA_S_A28,Vergüenza,1,"Posa como una estatua, el último en imitarte bebe 3 tragos","Pose like a statue, the last one to imitate you drinks 3 times",
VOA_S_A29,Vergüenza,1,"Ponte el dedo en la nariz, el último en hacerlo te dará un beso","Put your finger on your nose, the last one to do it will have to kiss you",
RS_1,Alcohol,1,Los chicos beben 3 trago,Guys drink 3 times,
RS_2,Alcohol,1,Las chicas beben 2 trago,Girls drink twice,
RS_3,Alcohol,1,La persona que esté leyendo escoge a alguien. La persona elegida reparte 5 tragos,The player who's reading picks someone. The chosen player assigns 5 drinks,
RS_4,Alcohol,1,La persona que esté leyendo reparte 5 tragos,The player who's reading assigns 5 drinks,
RS_5,Alcohol,1,La persona más bajita reparte 2 tragos,The shortest player assigns 2 drinks,
RS_6,Alcohol,1,La persona más alta hace 10 abdominales,The tallest player does 10 crunches,
RS_7,Alcohol,1,No se puede señalar a nadie durante 2 rondas. Bebe 1 trago cada vez que señales,It's not allowed to point at anyone for 2 rounds. Drink once every time you point at someone,
RS_8,Alcohol,1,El borracho del grupo reparte 5 tragos,The group's drunkard assigns 5 drinks,
RS_9,Alcohol,1,CASCADA!                    La persona que está leyendo empieza. Cada persona no puede parar de beber hasta que el de su izquierda deje de beber,"WATERFALL! The player who's reading starts. Every player begins drinking, and no one can stop until the player to their left stops",
RS_10,Alcohol,1,El primero en parpadear bebe 2 tragos,First one to blink drinks twice,
RS_11,Alcohol,1,Cada jugador bebe 2 tragos por cada hermano/a que tenga,Every player drinks twice for every sibling they have,
RS_12,Alcohol,1,El último en levantar la mano bebe 3 tragos,Last one to raise their hand drinks 3 times,
RS_13,Alcohol,1,Los que tengan menos de un 50% de bateria en el mobil o no lo tengan aquí beben 3 tragos,Those that have less than 50% battery on their phones or don't have it with them drink 3 times,
RS_14,Alcohol,1,La primera persona que se toque la nariz reparte 3 tragos,First one to touch their nose assigns 3 drinks,
RS_15,Alcohol,1,La persona más tardona del grupo bebe 2 tragos,The player who's late the most in the group drinks twice,
RS_16,Alcohol,1,El último que se haya rellenado el vaso bebe 2 tragos,The last player that refilled their glass drinks twice,
RS_17,Alcohol,1,El gracioso del grupo bebe 3 tragos,The group joker drinks 3 times,
RS_18,Alcohol,1,El último en ponerse de pie bebe 3 tragos,Last one to stand up drinks 3 times,
RS_19,Alcohol,1,Los que tengan algún tatuaje beben 4 tragos,Those who have a tattoo drink 4 times,
RS_20,Alcohol,1,Los solteros beben 3 tragos,Those who are single drink 3 times,
RS_21,Alcohol,1,Los que tengan carnet de conducir reparten 2 tragos,Those who have a driving license assign 2 drinks,
RS_22,Alcohol,1,La primera persona que se tire al suelo imitando un pez reparte 8 tragos,First one to drop to the floor and act like a fish assigns 8 drinks,
RS_23,Alcohol,1,Los que sigan la serie 'Juego de Tronos' beben 2 tragos,"Those who have watched ""Game of Thrones"" drink twice",
RS_24,Alcohol,1,El que tenga el vaso más lleno bebe 3 tragos,The player with the fullest glass drinks 3 times,
RS_25,Alcohol,1,Los que no lleven ropa interior reparten 2 tragos,Those who aren't wearing underwear assign 2 drinks,
RS_26,Alcohol,1,Los mayores de 20 beben 2 tragos,Those who are over 20 drink twice,
RS_27,Alcohol,1,La persona que más ha bebido reparte 4 tragos,The player who has drunk the most assigns 4 drinks,
RS_28,Alcohol,1,La primera persona que le de un beso en la mejilla al de su izquierda reparte 4 tragos,First one to kiss the player to their left on the cheek assigns 4 drinks,
RS_29,Alcohol,1,"Los que estén apuntados al gym hacen un concurso de flexiones, el ganador se salva, los perdedores beben 5 tragos","Those who go to a gym or fitness center have a push-up contest, all but the winner drink 5 times",
RS_30,Alcohol,1,Los jugadores que tengan el vaso en la mano beben 2 tragos,Those who have a glass in their hand drink twice,
RS_31,Alcohol,1,Los jugadores que tengan un iPhone beben 2 tragos,Those who have an iPhone drink twice,
RS_32,Alcohol,1,Los jugadores que tengan barba reparten 1 trago,Those who have a beard assign 1 drink,
RS_33,Alcohol,1,Los jugadores que no se toquen la nariz con la lengua beben 1 trago,Those that can't touch their own nose with their tongue drink once,
RS_34,Alcohol,1,Los que lleven polo o camisa reparten 1 trago,Those who are wearing a regular shirt or polo shirt assign 1 drink,
RS_35,Alcohol,1,Los menores de 20 beben 1 trago,Those who are under 20 drink once,
RS_36,Alcohol,1,El más vago del grupo bebe 2 tragos,The laziest in the group drinks twice,
RS_37,Alcohol,1,Los que tengan un nombre que empiece por vocal beben 2 tragos,Those whose name starts with a vocal drink twice,
RS_38,Alcohol,1,"El que esté leyendo le da un comodín a alguien, la persona elegida se libra de los siguientes 5 tragos","The player who's reading gives someone else a wildcard, the chosen player gets to skip the next 5 drinks",
RS_39,Alcohol,1,"Si hay más mujeres los hombres beben 3 tragos, si hay más hombres las mujeres beben 3 tragos","If there are more girls than guys, guys drink 3 times; if there are more guys than girls, girls drink 3 times",
RS_40,Alcohol,1,"Dos voluntarios jugarán 5 partidas a piedra, papel y tijera, el perdedor en cada partida beberá un trago","Two volunteers will play 5 rock-paper-scissors rounds, the loser in each round will drink once",
RS_41,Alcohol,1,La primera persona que se tire un eructo reparte 3 tragos,First player to burp assigns 3 drinks,
RS_42,Alcohol,1,La última persona en haber tenido relaciones sexuales reparte 5 tragos,The last player that had sex assigns 5 drinks,
RS_43,Alcohol,1,La última persona en levantar los pies del suelo bebe 3 tragos,Last one to raise both feet from the floor drinks 3 times,
RS_44,Alcohol,1,La última persona en haber vomitado por culpa del alcohol bebe 2 tragos! Campeón/a!,The last player who puked because of alcohol drinks twice! Champion!,
RS_45,Alcohol,1,Bebe el último que llegó a la fiesta,Whoever arrived last to the party drinks,
RS_46,Alcohol,1,El siguiente jugador en beber tendrá que duplicar sus tragos,The next player to drink will have to double the assigned drinks,
RS_47,Alcohol,1,El siguiente jugador en beber podrá repartir la misma cantidad de tragos que tenga que beber,The next player to drink can assign the same amount of drinks to someone else,
RS_48,Alcohol,1,"Todos ponen su teléfono a la vista, el primero en tocarlo bebe 10 tragos","Everyone puts down their phone, the first one to touch it drinks 10 times",
RS_49,Vergüenza,1,Cada jugador que publique una historia en Instagram con #drinkextreme y nos etiquete con @duckteamstudio podrá repartir 10 tragos,"Team Mac or Windows. On the count of 3 you shout your team's name, the losing team drinks once",
PF_S1,Alcohol,1,A la de 3 todos señalan al jugador/a más tonto/a. El jugador más señalado reparte 4 tragos y llora en una esquina,"Team McDonald's or Burger King. On the count of 3 you shout your team's name, the losing team drinks once",
PF_S2,Alcohol,1,A la de 3 todos señalan al jugador/a más guapo/a. El jugador más señalado bebe 3 tragos,"Team Nike or Adidas. On the count of 3 you shout your team's name, the losing team drinks once",
PF_S3,Alcohol,1,"A la de 3 todos señalan al jugador/a más tardón/a. El jugador más señalado bebe 3 tragos, y cuando haya acabado 1 trago más que llega tarde","Team Rum or Vodka. On the count of 3 you shout your team's name, the losing team drinks once",
PF_S4,Alcohol,1,A la de 3 todos señalan al jugador/a que liga más. El jugador más señalado bebe 2 tragos,"Team Barça or Real Madrid. On the count of 3 you shout your team's name, the losing team drinks once",
PF_S5,Alcohol,1,A la de 3 todos señalan al jugador/a que tiene más cara de pervertido/a. El jugador más señalado reparte 4 tragos,"Team Winter or Summer. On the count of 3 you shout your team's name, the losing team drinks once",
PF_S6,Alcohol,1,A la de 3 todos señalan a los dos jugadores que tienen más posibilidades de tener relaciones sexuales esta noche (no vale parejas). Los dos jugadores más señalados se dan un pico,"Team Android or iPhone. On the count of 3 you shout your team's name, the losing team drinks once",
PF_S7,Alcohol,1,A la de 3 todos señalan al jugador/a que tiene mejor culo. El jugador más señalado enseña su culo a los demás jugadores,"Team Cats or Dogs. On the count of 3 you shout your team's name, the losing team drinks once",
PF_S8,Alcohol,1,A la de 3 todos señalan al jugador/a que vista peor. El jugador más señalado bebe 2 tragos y aprende a vestirse,"Team Ass or Tits. On the count of 3 you shout your team's name, the losing team drinks once",
PF_S9,Alcohol,1,"A la de 3 todos señalan al jugador/a que crean que es el borracho del grupo. El jugador más señalado se libra de los siguientes 3 tragos, por su bien","Team Beer or Mixed Drink. On the count of 3 you shout your team's name, the losing team drinks once",
PF_S10,Alcohol,1,A la de 3 todos señalan al jugador/a más tacaño. El jugador más señalado bebe 3 tragos,"Team Piercing or Tattoo On the count of 3 you shout your team's name, the losing team drinks once",
PF_S11,Alcohol,1,"A la de 3 todos señalan al jugador/a que hace mejor sexo oral. El jugador más señalado sonríe y asiente, y bebe 2 tragos","Team Blonde or Dark hair. On the count of 3 you shout your team's name, the losing team drinks once",
PF_S12,Alcohol,1,A la de 3 todos señalan al jugador/a que hace mejor el amor. El jugador más señalado bebe 4 tragos,"What would you rather, eat a brownie that tastes like shit or eat shit that tastes like brownie. On the count of 3 shout out your choice, the minority drinks once",
PF_S13,Alcohol,1,A la de 3 todos señalan al jugador/a que llegará más lejos en la vida. El jugador más señalado bebe 3 tragos para celebrarlo,"What would you rather, to die frozen or burned On the count of 3 shout out your choice, the minority drinks once",
PF_S14,Alcohol,1,A la de 3 todos señalan al jugador/a más imprudente. El jugador más señalado bebe 2 tragos,"What would you rather, be an excellent singer or an excellent writer. On the count of 3 shout out your choice, the minority drinks once",
PF_S15,Alcohol,1,A la de 3 todos señalan al jugador/a que le hace más la pelota a los profesores. El jugador más señalado bebe 2 tragos,"What would you rather, stop using Facebook or YouTube. On the count of 3 shout out your choice, the minority drinks once",
PF_S16,Alcohol,1,A la de 3 todos señalan al jugador/a con el que no han tenido relaciones sexuales pero querrían tenerlas. El jugador más señalado bebe 3 tragos y se prepara para una gran noche,"What would you rather, only listening to Justin Bieber or Maluma (reggaeton singer) for the rest of your life. On the count of 3 shout out your choice, the minority drinks once",
PF_S17,Alcohol,1,A la de 3 todos señalan al jugador/a que lleva la ropa interior más sexy. El jugador más señalado sonríe y bebe 1 trago,"What would you rather, lose a leg or an arm. On the count of 3 shout out your choice, the minority drinks once",
PF_S18,Alcohol,1,A la de 3 todos señalan al jugador/a que tiene la fantasía sexual más extraña. El jugador más señalado bebe 2 tragos,"What would you rather, cure cancer or end child poverty",
PF_S19,Alcohol,1,A la de 3 todos señalan al jugador/a que moriría primero en un apocalipsis zombie. El jugador más señalado bebe 1 trago y llora en una esquina,"What would you rather, live in the past or the future. On the count of 3 shout out your choice, the minority drinks once",
PF_S20,Alcohol,1,A la de 3 todos señalan al jugador/a que dura menos en la cama. El jugador más señalado bebe 1 trago de sus propias lágrimas y 1 trago de su vaso,"What would you rather, be Harry Potter or Luke Skywalker. On the count of 3 shout out your choice, the minority drinks once",
PF_S21,Alcohol,1,A la de 3 todos señalan al jugador/a que le va más el BDSM. El jugador más señalado bebe 3 tragos y sonríe por dentro,"What would you rather, never getting drunk or getting drunk with just one drink. On the count of 3 shout out your choice, the minority drinks once",
PF_S22,Alcohol,1,A la de 3 todos señalan al jugador/a que mira más porno. El jugador más señalado bebe 4 tragos,"What would you rather, save the life of a stranger or get a million euros. On the count of 3 shout out your choice, the minority drinks once",
PF_S23,Alcohol,1,A la de 3 todos señalan al jugador/a más romántico/a. El jugador más señalado bebe 3 tragos,"What would you rather, be able to fly or to read minds. On the count of 3 shout out your choice, the minority drinks once",
PF_S24,Alcohol,1,A la de 3 todos señalan al jugador/a que tiene más relaciones sexuales. El jugador más señalado bebe 2 tragos,"What would you rather, be half as short or twice as heavy. On the count of 3 shout out your choice, the minority drinks once",
PF_S25,Alcohol,1,A la de 3 todos señalan al jugador/a que necesita más urgentemente un polvo. El jugador más señalado bebe 5 tragos,"What would you rather, speak like Yoda or breathe like Darth Vader. On the count of 3 shout out your choice, the minority drinks once",
PF_S26,Alcohol,1,A la de 3 todos señalan al jugador/a que se masturba más a menudo. El jugador más señalado bebe 1 trago por cada vez que se haya masturbado esta semana,"What would you rather, be able to teleport or to become invisible. On the count of 3 shout out your choice, the minority drinks once",
PF_S27,Alcohol,1,A la de 3 todos señalan al jugador/a que le gusta más el cibersexo. El jugador más señalado bebe 2 tragos,"What would you rather, have sex with a horse once or never have sex again. On the count of 3 shout out your choice, the minority drinks once",
PF_S28,Alcohol,1,Quién es más probable que mate al de su derecha por 1'000'000€. El jugador más votado bebe 3 tragos y empieza a pensar en como hacerlo,"What would you rather, always know when someone lies or to be able to lie without anyone knowing. On the count of 3 shout out your choice, the minority drinks once",
PF_S29,Alcohol,1,Quién es más probable que se termine antes el vaso. El jugador más votado no bebe ni un trago,"What would you rather, that mermaids or unicorns existed. On the count of 3 shout out your choice, the minority drinks once",
PF_S30,Alcohol,1,Quién es más probable que haya tenido relaciones sexuales con más personas en toda su vida. El jugador más votado bebe 4 tragos y sonríe,"On the count of 3, everyone points at the player they think is the dumbest. The most pointed at player assigns 4 drinks and cries in a corner",
PF_S31,Alcohol,1,Quién es más probable que le sea infiel a su pareja. El jugador más votado bebe 2 tragos y llora un poco,"On the count of 3, everyone points at the player they think is the most good looking. The most pointed at player drinks 3 times",
PF_S32,Alcohol,1,Quién es más probable que hoy duerma acompañado. El jugador más votado bebe 3 tragos,"On the count of 3, everyone points at the player they think is late the most. The most pointed at player drinks 3 times, and when he or she is done, 1 more because s/he's taking too long",
PF_S33,Alcohol,1,"Quién es más probable que hoy vomite. El jugador más votado bebe 1 trago de agua, por su bien","On the count of 3, everyone points at the player they think flirts the most. The most pointed at player drinks twice",
PF_S34,Alcohol,1,Quién es más probable que llegue soltero a los 30 años. El jugador más votado bebe 1 trago,"On the count of 3, everyone points at the player they think has the most perverted face. The most pointed at player assigns 4 drinks",
PF_S35,Alcohol,1,Quién es más probable que pierda el móvil. El jugador más votado bebe 2 tragos,"On the count of 3, everyone points at the two players they think have the highest chances of having sex tonight (couples not allowed). The two chosen players kiss",
PF_S36,Alcohol,1,Quién es más probable que sea detenido. El jugador más votado bebe 3 tragos,"On the count of 3, everyone points at the player they think has the best ass. The most pointed at player shows his/her ass to the other players",
PF_S37,Alcohol,1,Quién es más probable que se case antes. El jugador más votado bebe 2 tragos,"On the count of 3, everyone points at the player that dresses the worst. The most pointed at player drinks twice and learns how to dress",
PF_S38,Alcohol,1,Quién es más probable que mate a alguien accidentalmente. El jugador más votado bebe 3 tragos,"On the count of 3, everyone points at the player they think is the group's drunkard. The chosen player skips the next 3 drinks, for his/her own sake",
PF_S39,Alcohol,1,Quién es más probable que se lie con el jugador/a que está leyendo. El jugador más votado bebe 4 tragos,"On the count of 3, everyone points at the player they think is the stingiest. The most pointed at player drinks 3 times",
PF_S40,Alcohol,1,Quién es más probable que se haga una cirugía estética. El jugador más votado bebe 3 tragos,"On the count of 3, everyone points at the player they think gives the best oral sex The chosen player smiles and nods, then drinks twice",
PF_S41,Alcohol,1,Quién es más probable que se case por dinero. El jugador más votado bebe 3 tragos,"On the count of 3, everyone points at the player they think is best at making love. The most pointed at player drinks 4 times",
PF_S42,Alcohol,1,Quién es más probable que mate a su jefe para conseguir un ascenso. El jugador más votado bebe 1 tragos,"On the count of 3, everyone points at the player they think will get the farthest in life. The chosen player drinks 3 times to celebrate",
PF_S43,Alcohol,1,Quién es más probable que haga un trío. El jugador más votado bebe 4 tragos,"On the count of 3, everyone points at the most reckless player. The most pointed at player drinks twice",
PF_S44,Alcohol,1,Quién es más probable que participe en una orgía. El jugador más votado bebe 3 tragos,#P##P##P##P##P##P#,
PF_S45,Alcohol,1,Quién es más probable que tome Viagra primero. El jugador más votado bebe 2 tragos,#P##P##P##P##P##P#,
PF_S46,Alcohol,1,Quién es más probable que se lie con un profesor/a. El jugador más votado bebe 2 tragos,#P##P##P##P##P##P#,
PF_S47,Alcohol,1,Quién es más probable que le echen de una discoteca. El jugador más votado bebe 3 tragos,#P##P##P##P##P##P#,
PF_S48,Alcohol,1,Quién es más probable que le guste la zoofilia. El jugador más votado bebe 4 tragos,#P##P##P##P##P##P#,
PF_S49,Alcohol,1,Quién es más probable que le gusten los maduritos/as. El jugador más votado bebe 3 tragos,#P##P##P##P##P##P#,
PF_S50,Alcohol,1,Quién es más probable que tenga sexo en público. El jugador más votado bebe 2 tragos,#P##P##P##P##P##P#,
PF_S51,Alcohol,1,"Qué preferirías, tener relaciones sexuales con tu primo/a pero que nadie lo sepa nunca, o no tener relaciones sexuales con tu primo/a pero todos piensan que las has tenido. La minoría bebe 2 tragos",#P##P##P##P##P##P#,
PF_S52,Alcohol,1,"Qué preferirías, 100% de probabilidades de ganar 1 Millón de Euros o 50% de ganar 10 Millones. La minoría bebe 2 tragos",#P##P##P##P##P##P#,
PF_S53,Alcohol,1,"Qué preferirías, que tus relaciones sexuales duren siempre 10 minutos o 10 horas. La minoría bebe 2 tragos",#P##P##P##P##P##P#,
PF_S54,Alcohol,1,"Qué preferirías, pagar por sexo o que te paguen por sexo. La minoría bebe 3 tragos",#P##P##P##P##P##P#,
PF_S55,Alcohol,1,"Qué preferirías, descubrir que la última persona con la que tuviste relaciones sexuales es un familiar o un asesino en serie. La minoría bebe 3 tragos",#P##P##P##P##P##P#,
PF_S56,Alcohol,1,"Qué preferirías, ser virgen hasta los 40 o no poder tener relaciones sexuales a partir de los 40. La minoría bebe 2 tragos",#P##P##P##P##P##P#,
PF_S57,Alcohol,1,"Qué preferirías, tener relaciones sexuales con el padre de tu mejor amigo o con el mejor amigo de tu padre. La minoría bebe 2 tragos",#P##P##P##P##P##P#,
PF_S58,Alcohol,1,"Qué preferirías, cagar una piña o cagar una sandía. La minoría bebe 1 trago y reflexiona sobre lo que acaba de pasar",#P##P##P##P##P##P#,
PF_S59,Alcohol,1,"Qué preferirías, liarte con el jugador de tu derecha o con el de tu izquierda. El grupo entero bebe 2 tragos",#P##P##P##P##P##P#,
PF_S60,Alcohol,1,"Qué preferirías, tener relaciones con una persona experta en la cama pero fea, o con una persona muy atractiva pero virgen. La minoría bebe 3 tragos",#P##P##P##P##P##P#,
PF_S61,Alcohol,1,"Qué preferirías, tener un pene muy largo pero muy delgado, o corto pero gordo. La minoría bebe 3 tragos",#P##P##P##P##P##P#,